year,avg_invested,avg_transactions,num_investors
2024,520639.86092025816,4.832396418904851,4803
2025,254093.3743155799,2.381284221005475,4018
